item_id,text,gold_label,sample_type,strategy,strategy_raw,original_text_ref
POS_0106,I have some back pain when driving but hopefully my doctors will solve it!,True,positive,optimism,['optimism'],"I drove on ETS2 but for just 40minutes, because my back pain comes from nerves, and when I am stressed or sick, they tend to, I don't know.. But they hurt and my back hurts cause if them Current stage &"
ENEG_0014,I need a day just to finish all my projects and graduation stuff. justoneday stressed,False,easy_negative,growth,"['growth', 'impermanence']",I need a day just to finish all my projects and graduation stuff. justoneday stressed
POS_0037,After I'm done with studying I'll be able to have my dream job!,True,positive,optimism,['optimism'],The life of a double concentration education major! I hope I enjoy teaching since I'm putting myself through all this torture
POS_0089,"I fell behind my nursing readings, but I know it's my own fault, now I have to power through all of it, I can do it!",True,positive,growth,"['growth', 'self_affirmation']",can guarantee I will cry at least once before Friday I'm so far behind in my nursing readings it's not even funny
POS_0032,I will set up a schedule and organize what needs to be done,True,positive,growth,['growth'],"can you give me some kind of consideration, please! >;_<; u know na hindi ako pwede pg Sunday :'( .. still lot of stuff to do .."
ENEG_0025,"The past like 2 weeks has just been a crazy, confusing, awk situation. Like just everything. Lol ineedab",False,easy_negative,thankfulness,['thankfulness'],"The past like 2 weeks has just been a crazy, confusing, awk situation. Like just everything. Lol ineedab"
HNEG_0042,"I wanted to lay down, and wake up at a time when society isn't so bad. But that's life, and I should be enjoying the good parts of it.",False,hard_negative,neutralizing,"['impermanence', 'neutralizing']","I want to lay down and die.., but not actually die.. Just wake up at a time when society isn't such a load of bullshit. tired"
POS_0120,My brother is having a destination wedding next week I am happy for him.,True,positive,thankfulness,"['neutralizing', 'thankfulness']",My brother is having a destination wedding next week and I'm so excitedand exhausted!! When you are so exhausted and stressed and broke from the planning and prep that you have to remind yourself to enjoy the vacation  DestinationWedding
POS_0019,"I studied and took notes all night, I'm working hard and that's good.",True,positive,optimism,['optimism'],"Studied and made notecards all night, uhhhh hate finals and keystones at the same time. Not a Happy Camper"
ENEG_0000,Everything is stressful  painful  and exhausting.  I wonder if I can make it. anxietyproblems schools,False,easy_negative,growth,"['growth', 'impermanence']",Everything is stressful  painful  and exhausting.  I wonder if I can make it. anxietyproblems schools
POS_0024,"I'm not eaten all day. I need to see a doctor about my eating disorder, so I can get better.",True,positive,growth,['growth'],Eating for the first time today. I hate eating! This is so stressful! eatingdisorders hateeating
ENEG_0070,I feel sick to my stomach. everyone is finding out that they got in places that I applied to and I'm not hearing anything.,False,easy_negative,self_affirmation,['self_affirmation'],I feel sick to my stomach. everyone is finding out that they got in places that I applied to and I'm not hearing anything.
POS_0103,"I'm tired of living week to week, I'm going to change my life!",True,positive,growth,"['growth', 'optimism']","keep getting over a stupid job, but I'm living week to week, which is stressful I've gotta change my SelfTalk"
HNEG_0070,"It is normal to have it easier to focus on fitness when there is no school, because everything has it's own time.",False,hard_negative,neutralizing,['neutralizing'],Well it was easier for me to focus on fitness when I wasn't in school stressed already
HNEG_0055,Teachers ought to give more time to students for project work. This would result in a smooth and timely completion of projects.,False,hard_negative,neutralizing,['neutralizing'],Project project project~~.. Y cant teacher assign us earlier instead of at the point of time!? Made us really rush hard!
ENEG_0072,I miss half of my sons life.. Just to work.. Ill never know how to explain it to him.. An it will always eat me alive,False,easy_negative,optimism,"['neutralizing', 'optimism']",I miss half of my sons life.. Just to work.. Ill never know how to explain it to him.. An it will always eat me alive
ENEG_0066,The mixed emotions about my wedding being in 92 days is unreal. happy sad confused,False,easy_negative,neutralizing,['neutralizing'],The mixed emotions about my wedding being in 92 days is unreal. happy sad confused
POS_0038,I will go to the school with more personal growth potential.,True,positive,growth,['growth'],"Seriously don't know whether to go to Hofstra with 11,000 dollars a year scholarship to a 40,000+ dollars tuition or OCC."
HNEG_0008,Having the need of someone else in hard times is a feeling which is normal for people to have.,False,hard_negative,neutralizing,['neutralizing'],I want my mummy to hold me and tell me everything is going to be ok.
HNEG_0023,"I know my house won't burn, so I'll sleep peacefully",False,hard_negative,neutralizing,['neutralizing'],Cant sleep because Im afraid of burning down the house even though Ive checked the oven and stove at least 10 times and they are off
ENEG_0020,"i haven't tweeted enough, i know and it sucks but my school is driving me crazy i won't even be able to watch the episode tmrrw:(",False,easy_negative,growth,"['growth', 'neutralizing', 'optimism']","i haven't tweeted enough, i know and it sucks but my school is driving me crazy i won't even be able to watch the episode tmrrw:("
POS_0001,"My homework isn't done yet, but it will be perfectly done as soon as possible.",True,positive,optimism,['optimism'],None of my homework's done. Not even Swords. I barely have half of it done
HNEG_0074,I am sorry I popped a high e string on my guitar just when I want to do @ 10:04 p.m.,False,hard_negative,neutralizing,['neutralizing'],Popped the high e string on my guitar Just what I want to do @ 10:04p.m change a stupid e string!!! enragged
ENEG_0026,"people are getting by the none healing mentalcare system with no results, getting secret brainwash therapy to deny cause, a trap",False,easy_negative,optimism,['optimism'],"people are getting by the none healing mentalcare system with no results, getting secret brainwash therapy to deny cause, a trap"
POS_0144,"I have a lot of things to do, but I'm going to learn a lot from managing multiple jobs at once, I can do this.",True,positive,growth,"['growth', 'neutralizing', 'optimism']","Trying to organise handing over the accounts in my current flat, moving into my new flat, desperately trying to finish up a project in the lab, applying for an extension for my funding AND having to look into getting a visa is all feeling a bit overwhelming."
POS_0133,There may be a few classes that havent been filled if not I can ask if theres any extra places,True,positive,growth,"['growth', 'optimism']",I don't even wanna look at the class registration because I know all my classes will be filled
ENEG_0021,When people are involved in more things than I am I always wonder how they do it.,False,easy_negative,self_affirmation,['self_affirmation'],When people are involved in more things than I am I always wonder how they do it.
HNEG_0056,"I was just busy with moving! Sorry if I missed any of your messages and/or posts, I'll try to make up for it soon",False,hard_negative,neutralizing,['neutralizing'],"I'm not dead, just busy with moving! Sorry if I missed any of your messages and/or posts, I'll try to make up for it soon"
POS_0086,"I need to relax and take things slowly, everything will work out in the end! I'm sure of it!",True,positive,growth,"['growth', 'impermanence', 'optimism']",How am I supposed to focus on school when tens of thousands of other things are running through my head..?
POS_0005,Going to my homeland in makati to get some magnet that is the place which makes me happy.,True,positive,growth,"['growth', 'neutralizing']",going to my homeland in makati to get some magnet ~rare magnet cavite didn't have it :(
ENEG_0058,"5 unit finals the next two weeks and 3 midterms and 2 finals in the two weeks after is not my idea of ""easing back into it",False,easy_negative,optimism,['optimism'],"5 unit finals the next two weeks and 3 midterms and 2 finals in the two weeks after is not my idea of ""easing back into it"
POS_0123,"I need to learn not to look at other people's business, I will be more appreciated that way.",True,positive,growth,['growth'],This morning I see a man standing just in his boxers shaking tryna hail down cabs
HNEG_0040,The Lakers have lots of money to spend but it's mostly on these average players.,False,hard_negative,neutralizing,['neutralizing'],The lakers really got money to blow tho.. And it's on average players nobody all-star worthy
POS_0034,Going to try to get my grades up or at least get through Monday n Tuesday,True,positive,growth,"['growth', 'impermanence']",Gotta serve fed next week my grades ain't A1 n prolly two days of Iss Monday n Tuesday Stressed
ENEG_0006,Wow! What a busy day! Feel a little stressed i must admit! Roll on 5:30,False,easy_negative,optimism,"['neutralizing', 'optimism']",Wow! What a busy day! Feel a little stressed i must admit! Roll on 5:30
HNEG_0031,Broke down en route to Portsmouth but someone is on their way to help. Soon I'll be back on route to see bad 3 points!,False,hard_negative,impermanence,['impermanence'],Broken down en route to Portsmouth! Gutted I'm gonna miss bag 3 points!! Hurry up mr breakdown man!
ENEG_0027,If I wait till ten to get the bus I'm cutting it really close. I don't know what to do. Argh,False,easy_negative,growth,"['growth', 'neutralizing', 'optimism']",If I wait till ten to get the bus I'm cutting it really close. I don't know what to do. Argh
POS_0107,"Putting in these long hours shows that I am determined, and will help me in the long run.",True,positive,self_affirmation,['self_affirmation'],I put in these long hours in my classroom and I wonder if it makes a difference.
POS_0115,I'm going to learn to take all of my energy and use it to calm myself down instead of worrying.,True,positive,growth,['growth'],It feels like someone's tightening a necktie way too tight against the front of my throat. Worried immensely.
POS_0048,I will get better at selecting clothes for men and not complain as much.,True,positive,growth,"['growth', 'neutralizing']",men are such pains to clothes shop with neveragain .. cuppa tea and my monkey onesie are in order. x
ENEG_0028,I want to shove a box of tissues up the nose of the guy sitting next to me. STOP SNIFFING.,False,easy_negative,growth,"['growth', 'neutralizing', 'optimism']",I want to shove a box of tissues up the nose of the guy sitting next to me. STOP SNIFFING.
ENEG_0017,Got a lot on my plate these days. If you see me looking like a chicken with its head cut off PLEASE give me some encouraging words,False,easy_negative,thankfulness,"['neutralizing', 'thankfulness']",Got a lot on my plate these days. If you see me looking like a chicken with its head cut off PLEASE give me some encouraging words
ENEG_0051,When it's only week 3 of classes but you already are having a mental breakdown,False,easy_negative,growth,['growth'],When it's only week 3 of classes but you already are having a mental breakdown
POS_0073,I would love to have a good night's sleep so that I can start tomorrow with a better frame of mind.,True,positive,optimism,['optimism'],So disappointed for so many reasons. Anxiety is running high and I cant sleep. Everyone is asleep
ENEG_0043,Im surprised i managed to stick to my diet last night whilst at the meal. Im in the worst mood ever though,False,easy_negative,optimism,"['impermanence', 'optimism']",Im surprised i managed to stick to my diet last night whilst at the meal. Im in the worst mood ever though
POS_0100,I am stressed out! I hope my friends would help me get out of this.,True,positive,optimism,['optimism'],Under way to much stress:( I feel like I'm gunna have a heart attack sooner or later .
ENEG_0036,"this stuffy nose shxt gota go -_- I'm like completely unable to breath out my mouth , I'm dying",False,easy_negative,optimism,"['neutralizing', 'optimism']","this stuffy nose shxt gota go -_- I'm like completely unable to breath out my mouth , I'm dying"
HNEG_0009,Things are tough right now but it'll soon be the weekend and I can kick back and relax.,False,hard_negative,impermanence,['impermanence'],May only be a short week but it's bloody tough so far! roll on the weekend..
HNEG_0058,Who says being a teenager is easy? Teenage years have their own share of ups and downs.,False,hard_negative,neutralizing,['neutralizing'],I hate when people tell me not to be stressed. I'm a teenager. Try being me for a week and not being the least bit stressed.
POS_0055,My friend asked me if I wanted to go out but I'm busy.  I'll let them know I can hang out sometime later.,True,positive,growth,"['growth', 'optimism']",Honestly hate when ppl hit you up last minute with plans nd you happen to be busy for the first time in your life <;<; ugh
POS_0006,"Maybe the fact that I was so upset during finals was that I didn't study enough, I need to improve for the next one.",True,positive,growth,"['growth', 'neutralizing', 'optimism']","I've never been so upset during finals week before, and the fact that it had nothing to do with finals made it worse"
ENEG_0044,not in the mood for anything. every little thing is stressing me out. sick of it.,False,easy_negative,neutralizing,['neutralizing'],not in the mood for anything. every little thing is stressing me out. sick of it.
POS_0026,"I didn't work out or stick to my diet last week, but I'm so grateful I didn't gain any weight :)",True,positive,thankfulness,['thankfulness'],Is it good or bad that I didn't work out last week or stick to my diet yet I didn't gain any weight? sick
ENEG_0008,I hate having to struggle to stay on top of my bills. I need a new job,False,easy_negative,thankfulness,['thankfulness'],I hate having to struggle to stay on top of my bills. I need a new job
POS_0113,I wish that I could wake up with strengh to face the things I still have to do.,True,positive,growth,"['growth', 'self_affirmation']",I wish that I could wake up with amnesia. And forget about the shit I still have to do
POS_0139,I'm getting organized so that everything runs smoothly throughout the week.,True,positive,optimism,['optimism'],Feeling overwhelmed with everything I need to do in the next few weeks need to make a plan of action and stay awake to get it all done
HNEG_0003,Bringing my stuff from the UKcould be easier,False,hard_negative,neutralizing,['neutralizing'],FFS. All I want to do is to get my stuff shipped over here from the UK why is everything ridiculously difficult.
POS_0105,"I am tired of this place, but hereafter I won't be like this I am going to live a new life.",True,positive,growth,['growth'],I'm tired of this place. God show me where I need to be the next 4 years of my life. I need confirmation
ENEG_0059,So tired beyond belief.. Looks like someone is gonna be skipping the first few periods!,False,easy_negative,growth,['growth'],So tired beyond belief.. Looks like someone is gonna be skipping the first few periods!
HNEG_0039,"I left my bag in my van from Burbank, I'm hoping that they are able to find it once the driver can be contacted.",False,hard_negative,neutralizing,['neutralizing'],Left a bag in my van from Burbank. Local office said they couldn't call the driver because he clocked out.
ENEG_0007,I hate how my face is breaking out like a mofo the week before prom :(,False,easy_negative,optimism,"['neutralizing', 'optimism']",I hate how my face is breaking out like a mofo the week before prom :(
ENEG_0018,How bad would it be to live off bottled water and diet Dr Pepper for the next three weeks? Asking for me. threeweeksuntilthebigtest,False,easy_negative,thankfulness,['thankfulness'],How bad would it be to live off bottled water and diet Dr Pepper for the next three weeks? Asking for me. threeweeksuntilthebigtest
POS_0046,I feel good that I will have a new beginning though.,True,positive,growth,"['growth', 'optimism']",Worst part of starting a new job is quitting your old one still trying to figure out how to tell my boss I'm leaving
ENEG_0031,Trying so hard to avoid the thoughts of exams unfortunately they have snuck up on me.,False,easy_negative,optimism,"['neutralizing', 'optimism']",Trying so hard to avoid the thoughts of exams unfortunately they have snuck up on me.
ENEG_0003,i cant do everything by myself but i dont feel like reaching out to anybody .. its not their problem :/,False,easy_negative,growth,['growth'],i cant do everything by myself but i dont feel like reaching out to anybody .. its not their problem :/
HNEG_0067,Not a fan of this 10 page research paper but it's gotta get done,False,hard_negative,impermanence,['impermanence'],This 10 page research paper literally fucking sucks.. And that is the complete best way I can put it
ENEG_0011,"Really wouldn't hate about 10 buddies over at the house, big ass bonfire, loud speaker, cold beer and a lip in",False,easy_negative,optimism,['optimism'],"Really wouldn't hate about 10 buddies over at the house, big ass bonfire, loud speaker, cold beer and a lip in"
POS_0132,"1 assignment down, 1 more thing ticked off my list. Making positive progress.",True,positive,thankfulness,['thankfulness'],"1 assignment down, just a million other things to finish in next 2 weeks tired"
POS_0065,"I go to bed early, and I'm still tired when I wake up. I'm going to go to the doctor to see what's happening.",True,positive,growth,['growth'],"Even when I go to bed early, I still wake up tired. Getting sick at an extremely inconvenient time."
HNEG_0057,"I must stop having unnecessary conversations that go nowhere, or I will keep getting angry.",False,hard_negative,neutralizing,"['impermanence', 'neutralizing']",I really do not want to have to keep having these conversations. They go no where and solve nothing. Nothing changes. pissedoff
POS_0042,I am grateful for 12 years and 4 kids with my husband but now a new chapter begins.. single and free.. nowd,True,positive,thankfulness,['thankfulness'],Husband just told me he was leaving me after 12 yrs and 4 kids .. guess nothing is what it seems to be .. single worried
POS_0131,I know I will get my surgery done if I just pray hard enough.,True,positive,self_affirmation,"['optimism', 'self_affirmation']",Seriously Ill put my bed on wheels and take it to Leeds if it means I can have my operation!  NHSCrisis
ENEG_0045,I'm tired of everything. I'm tired of stressing god I shouldn't feel this way. This all just needs to be over.,False,easy_negative,impermanence,['impermanence'],I'm tired of everything. I'm tired of stressing god I shouldn't feel this way. This all just needs to be over.
ENEG_0046,"Hve a head cold, atm. You know that's when your body is telling you that you've been overworking and stressing yourself. downtime",False,easy_negative,self_affirmation,['self_affirmation'],"Hve a head cold, atm. You know that's when your body is telling you that you've been overworking and stressing yourself. downtime"
ENEG_0002,hate how all that seems to be the talk in grade 12 is university and marks,False,easy_negative,growth,"['growth', 'optimism']",hate how all that seems to be the talk in grade 12 is university and marks
POS_0009,"While I just ate the worst carrot cake of my life, I am really glad I was able to raise my low blood sugar with it.",True,positive,optimism,['optimism'],I just ate the worst carrot cake of my entire life but I forced myself to eat some of it because I was having a low blood sugar
POS_0134,I am afraid I don’t approve of your lies. Hope you change for the better.,True,positive,optimism,"['neutralizing', 'optimism']",I can't believe this is my life so sick and tired of your bullshit and lies. so
POS_0099,A lot of things are happening but I figure everything happens for a reason.,True,positive,growth,"['growth', 'optimism']","Why?"" ""Why them?"" ""Why us?"" ""Why now?"" ""Why is this happening?"" ""Why?"" ""Why?"" ""Why?"" thoughts"
ENEG_0050,Its been a while since i sat in a class and genuinely had no idea wtf was going on,False,easy_negative,optimism,"['neutralizing', 'optimism', 'thankfulness']",Its been a while since i sat in a class and genuinely had no idea wtf was going on
HNEG_0006,I am having a headache because of the long to- do list. I wish we could stop and get sorted.,False,hard_negative,neutralizing,['neutralizing'],Worst headache ever and my to do list is as long as me!! Please can we just stop so I can get sorted!
ENEG_0041,Yes and that's why coz they go bonkers - trying to keep 28 kids under control is very hard on days like today.,False,easy_negative,self_affirmation,"['neutralizing', 'optimism', 'self_affirmation']",Yes and that's why coz they go bonkers - trying to keep 28 kids under control is very hard on days like today.
HNEG_0001,Feeling tired and stressed right now,False,hard_negative,neutralizing,['neutralizing'],So tired of being tired and stressed ALL the time! It doesn't make for a happy Kylie
HNEG_0007,All of a sudden I forget how to drive just turned off my car without putting it on park. School gots me fucked up already.,False,hard_negative,neutralizing,['neutralizing'],All of a sudden I forget how to drive  just turned off my car without putting it on park. School gots me fucked up already.
HNEG_0072,"I received a late alert about a fee, so it seems the alert system needs to be improved.",False,hard_negative,neutralizing,['neutralizing'],update your alert system because a failed alert didn't show up until 6 hours after I'd already received a fee
POS_0148,I keep my time busy so I can be productive!,True,positive,growth,['growth'],I can't remember the last time I didn't have anything to do and I have a game everyday this week and the SAT's and work Saturday..
HNEG_0060,Just one more week of commitments and I'll rest properly,False,hard_negative,impermanence,['impermanence'],Thank God fall break is next week 'cause Lord knows I need it. I feel like I have the stress level of a 30yr old  tired
POS_0031,"I don't know what to ask the boss at my job, but if I bring storm enough I will figure it out.",True,positive,optimism,"['neutralizing', 'optimism']",Trying to think of questions to ask the big boss of the company I work for is really hard and stressing me out! HELP! Imcrapatthis needhelp helpmehelpmehelpme
ENEG_0063,Anybody got a cat or dog I can hold for like a half hour today??,False,easy_negative,optimism,['optimism'],Anybody got a cat or dog I can hold for like a half hour today??
ENEG_0074,This morning has been so bad with all these doctors appointments and my phone not working tiered,False,easy_negative,growth,['growth'],This morning has been so bad with all these doctors appointments and my phone not working tiered
POS_0066,Although I barely pay the bills I have to thank for having a job,True,positive,thankfulness,['thankfulness'],I hate having to struggle to stay on top of my bills. I need a new job
HNEG_0027,"I am sorry about the school not getting cancelled, and I am looking forward to changing the schedule.",False,hard_negative,neutralizing,['neutralizing'],Sorry guys but school cant get canceled i gotta get my schedule changed before i go crazy!!!
ENEG_0042,All I can think of is how bad I'm going to fail my soc final.,False,easy_negative,optimism,['optimism'],All I can think of is how bad I'm going to fail my soc final.
HNEG_0059,"Today was a bad day and I still have revision to do, but soon my exams will all be finished :)",False,hard_negative,impermanence,['impermanence'],Thank god that days over. And still got revision to do! Fuck fuck fuck arghhhhhhhhhh!!!!
POS_0085,Worrying is only making me feel sick so I'm not going to stress over my applications.,True,positive,self_affirmation,['self_affirmation'],I feel sick to my stomach. everyone is finding out that they got in places that I applied to and I'm not hearing anything.
POS_0051,"Giving a hopeless romantic the assignment to write a persuasive essay on relationships is not a good idea, but I will try my best.",True,positive,growth,"['growth', 'impermanence', 'self_affirmation']",giving a hopeless romantic the assignment to write a persuasive essay on relationships is not a good idea
POS_0138,"I don't want to leave the last season of my life behind, but I'm so looking forward to a new one.",True,positive,optimism,"['impermanence', 'optimism']",Don't know how I feel about alot of thingsit hurts to think this was only a season confused
POS_0091,"I'm thankful for the way I am, I am patient, and I listen to other's people problems.",True,positive,self_affirmation,"['self_affirmation', 'thankfulness']","Quick to listen, slow to speak, slow to anger. Just what I need right about now."
ENEG_0016,Finding another gray hair because I'm so stressed out. People seriously have no idea what Im dealing with right now.,False,easy_negative,thankfulness,['thankfulness'],Finding another gray hair because I'm so stressed out. People seriously have no idea what Im dealing with right now.
POS_0088,I think I should try to get some holiday time fitted in somewhere then I'll be happy.,True,positive,optimism,"['neutralizing', 'optimism']","I seriously need another weekend. Like now, and this one isn't even over yet. tothemax"" amen"
HNEG_0011,I have an English essay I have lot works upcoming I need to be productive.,False,hard_negative,neutralizing,['neutralizing'],"I have an English essay, a chem project, and part of my AP Psych project due this week. Ugh"
POS_0096,Not having anything in my life motivates me to achieve my goals,True,positive,growth,['growth'],"No car , no job , failing a iba already . Wtf am I gunna do ?"
HNEG_0065,Under Pressure? We understand. It can be a challenge working that way. We can help you.  entrepreneur.,False,hard_negative,neutralizing,['neutralizing'],"Stressed? We understand. But, we also know you can't work that way. We can help. entrepreneur"
HNEG_0062,Skipping English will no longer be an option! I will plan myself and start my homework early.,False,hard_negative,impermanence,['impermanence'],Skipping English again today because I literally don't even have one hour to waste when I could be using that hour to do homework
HNEG_0045,Waiting for Friday when I will have all the transcripts for ready reference.,False,hard_negative,impermanence,['impermanence'],Cringing over the fact that transcripts come out tomorrow and I won't see it till Friday
POS_0077,"I feel bad right now, but things are going to get better soon.",True,positive,optimism,"['impermanence', 'optimism']",I feel so under pressure I don't want to do anything i feel terrible :\ feelingbad sad
POS_0146,The secret to better eyesight is to manage your stress levels better.,True,positive,optimism,['optimism'],Are you feeling ? Persistent stress can cause eye-related and vision problems like blurry vision and dry eyes! Manage your stress to look after your eye health!
POS_0033,"Ok the Lakers might not play the exact way I like, but hey, they went 52-19 last season. Can't complain about a record like that!",True,positive,optimism,"['optimism', 'thankfulness']",Lakers have become too perimeter oriented late in the 4th. They are in the bonus so should have force to get into the paint.
POS_0021,"I am glad there is so much on right now, like the Patriots game and baseball.",True,positive,thankfulness,['thankfulness'],There is so much on right now. USOpen finals. Patriots game and the RedSox / Yankees game. hahahahahaha
POS_0070,"Luckily I have so much keeping me going these days, sleep is the last thing I think about.",True,positive,optimism,"['optimism', 'thankfulness']",Can not sleep!! Starting to be a regular thing n I hate it!! So much on ma mind :(..
POS_0060,This stress is affecting me a lot. I hope to get out of this soon.,True,positive,optimism,"['neutralizing', 'optimism']",Being this stressed out is not ok and it is definitely taking a toll on me.
POS_0084,"Today was productive because I spent the major part of the day researching graduate schools, veterinary schools and the Peace Corp.",True,positive,optimism,['optimism'],"I have spent the majority of today researching graduate schools, veterinary schools, and the Peace Corp."
POS_0124,My plans usually don’t work out which is the reason for my stress. But this too shall pass and I shall succeed in everything.,True,positive,optimism,"['impermanence', 'optimism']",People wonder why I'm always stressed. Nothing of mine EVER works out as planned. -__-
ENEG_0001,"I leave college at the end of this month, and I have so much to do in such little time",False,easy_negative,impermanence,['impermanence'],"I leave college at the end of this month, and I have so much to do in such little time"
HNEG_0041,One day I will leave this job and my last day is going to feel so good.,False,hard_negative,impermanence,['impermanence'],i hate alot of things in life but my job is joint number one with man united fansyes i hate it that much
HNEG_0004,Finding a place to live is hard but I will only settle for somewhere decent to live.,False,hard_negative,neutralizing,['neutralizing'],Whyyyy is finding an apartment for this April so hard?!? C'mon people. I need a place to live.
ENEG_0055,It's almost birthday and I have absolutely no idea on what I should get him,False,easy_negative,self_affirmation,['self_affirmation'],It's almost birthday and I have absolutely no idea on what I should get him
HNEG_0054,"If each week had equal amounts of work to be completed, I would have been happier.",False,hard_negative,neutralizing,['neutralizing'],I hate how one week I have moderate work then the following week everyone on earth has a task for me to do .
POS_0104,"Even though there's a lot of papers handed out, I'm glad they will all help me with the exams.",True,positive,growth,"['growth', 'optimism', 'thankfulness']","I hate all the millions of packets, papers, and assignments teachers give during finals week.  seriouslywtf"
HNEG_0069,"This has been an unprecedented week. We must all follow the CDC science, so we can come out stronger and healthy on the other side.",False,hard_negative,impermanence,['impermanence'],"In one week Ive had my university shut, my work shut meaning I now have no income and my Mothers Day gig cancelled (again a loss of income). This is TERRIFYING!! Stay inside please people, everyone needs this to be over so they can earn a living again!"
ENEG_0035,I've got soooo much work to do and I'm sat in children's a&e with my little brother :(,False,easy_negative,impermanence,['impermanence'],I've got soooo much work to do and I'm sat in children's a&e with my little brother :(
POS_0122,"I will take good care of my health, so I won't get sick when the next school year starts!",True,positive,growth,['growth'],Before senior year I used to never get sick. I've literally been sick 10 times since school started.
POS_0010,I need to learn how to relax and control myself! Everything happens for a reason!,True,positive,growth,"['growth', 'impermanence']",Hate being pissed off  need to go home to see mother Theresa and the father
POS_0121,"Even though I might be tempted or stressed, I'm not going to resort to smoking cigarettes.",True,positive,growth,['growth'],I don't smoke but seriously I need a hookah hit or something every shift! This will cause me to smoke ciggs wontgivein
POS_0072,"So lucky to be going on a trip to Europe, it's good I'm keeping myself busy with my commitments as well.",True,positive,growth,"['growth', 'neutralizing', 'optimism']","Between planning a trip to Europe, being an event intern, midterms, work, and keeping up with friends I'm about to go crazy"
ENEG_0056,Just feel like crying everything is getting on top of me grrrr angry tomuch canttakemuchmore,False,easy_negative,optimism,"['neutralizing', 'optimism']",Just feel like crying everything is getting on top of me grrrr angry tomuch canttakemuchmore
POS_0030,My friend gifted me a Chromebook to use for conventions since my old laptop died. Now I'm working on how to get my panels to work on it.,True,positive,growth,['growth'],"TMW your friend gifts you a Chromebook to use for conventions since your old laptop died, and you can't figure out how to get your panels to work on it."
POS_0007,"Hi Meg, I just sent a support ticket to Lulu about an error on a recent order. I hope to get a response soon.",True,positive,optimism,"['neutralizing', 'optimism']","Hi Meg, Just sent a support ticket to Lulu about an error on a recent order. Wondering how long a response will take?"
POS_0061,Working for the public is an important thing to do because it helps people directly.,True,positive,optimism,['optimism'],Everyone should work for the public at least for a day! Then they would understand. firstofthemonth
POS_0078,"Ice tea is the best, so cool I got to drink an entire gallon of it.",True,positive,optimism,"['neutralizing', 'optimism']",I virtually crushed an entire gallon of Turners Ice Tea from kickoff to the end of the Steelers game
HNEG_0028,"Even though things may be different for other people, I know that it ok.",False,hard_negative,neutralizing,['neutralizing'],One rule for you and another for me I guess Roll on tonight with the other half cantbebothered
HNEG_0073,"Lordgive strength to Ahmad Jauhari Yahya, CEO of Malaysia Airways. The problematic MH Flights are calling for some crisis management!",False,hard_negative,neutralizing,['neutralizing'],"Lordgive strength to Ahmad Jauhari Yahya, CEO of Malaysia Airways. The doomed MH Flights are calling for serious crisis mgmt!"
POS_0004,"I am exhausted in life, but I wish to hold on and become successful.",True,positive,optimism,['optimism'],This life has got me rundown and spinning out and I'm not sure how long I'll hold up
ENEG_0071,The one thing I hate about this job is not having time to do anything. .,False,easy_negative,neutralizing,['neutralizing'],The one thing I hate about this job is not having time to do anything. .
POS_0082,"Getting old is about learn how to deal with life events impermanence, i.e, accept them. I'm on the way!",True,positive,optimism,['optimism'],Literally when one thing gets solved something else pops up and I cant handle this no more. Beyond
ENEG_0029,Everyday I leave school with a developed migraine from the one I had when I woke up,False,easy_negative,growth,"['growth', 'neutralizing']",Everyday I leave school with a developed migraine from the one I had when I woke up
ENEG_0024,"Sometimes I just wish I could escape to the mountains forever, ski everyday, and not have a care in the world",False,easy_negative,optimism,"['neutralizing', 'optimism']","Sometimes I just wish I could escape to the mountains forever, ski everyday, and not have a care in the world"
ENEG_0019,We leave for vacation in 11 days. It might seem like a long time until you look at my mile long to do list from both work and home.,False,easy_negative,optimism,['optimism'],We leave for vacation in 11 days. It might seem like a long time until you look at my mile long to do list from both work and home.
POS_0095,This bath will be very relaxing.,True,positive,optimism,['optimism'],In a boiling hot radox muscle relax bubble bath hopefully this will chill me out
HNEG_0020,Even though I have a 6 am flight on Friday to JHB at least I will be at my friend's 18th birthday the night before. I will have something to enjoy before the trip.,False,hard_negative,neutralizing,['neutralizing'],"On Friday I have a 6am flight to Jhb, plus I have my friend's 18th birthday the night before. I'm going to die -_-"
POS_0050,I have had an entire week of school so at least I get a break away from it even if I have things to do.,True,positive,thankfulness,['thankfulness'],This entire week of school has me mentally exhausted. Too bad I don't even get a break this weekend. wannabedropout
ENEG_0030,Two days before prom. Andrew steps on my big toe and breaks my nail in half.,False,easy_negative,optimism,"['optimism', 'thankfulness']",Two days before prom. Andrew steps on my big toe and breaks my nail in half.
POS_0076,I'm positive I can make it through the next few weeks while keeping my cool.,True,positive,optimism,"['optimism', 'thankfulness']","If I make it through the next 2 weeks without having a mental breakdown, it'll be a miracle"
POS_0027,"I'm frustrated with my computer, but I have no choice but to redo my work.",True,positive,growth,"['growth', 'neutralizing']",Why does technology hate me so much? Now I have to redo work I just spent an hour on!!
POS_0129,Been a tough day but it’s only Monday so things will get better.,True,positive,optimism,"['optimism', 'thankfulness']","Not a great day its been, like its a Monday sure??..Damn!! What z still keeping me is the moneymoney holds patience mayne..!"
POS_0045,"The days at work, after Christmas, can be hard, but I am thankful for my job.",True,positive,thankfulness,['thankfulness'],"Only been back at work 5 days since the Christmas holidays, and I'm already and tired with the madness of my job."
POS_0128,"Making a decision is hard. Everyone seems to have something to say, which doesn't help the situation. Fortunately, I have a good intuition, and I'm going to make the decisions by myself.",True,positive,self_affirmation,['self_affirmation'],So hard to make decisions! Everyone seems to have something to say which doesn't help the situation!! hard don'tnowhatsbest
ENEG_0022,Math Midterm Check! Sociology Final Check! Time to start studying for Anatomy Midterm Thursday! X-Mas break can't come soon enough,False,easy_negative,growth,['growth'],Math Midterm Check! Sociology Final Check! Time to start studying for Anatomy Midterm Thursday! X-Mas break can't come soon enough
POS_0000,Feeling excited to write an exam. Let's do it!,True,positive,self_affirmation,['self_affirmation'],Never thought id wake up feeling excited to write an exam letsgetthisdone ownlinguistics 1moreday graduation
ENEG_0013,I just want a job where I can come home and not stress about it,False,easy_negative,optimism,['optimism'],I just want a job where I can come home and not stress about it
HNEG_0018,I just keep telling myself that this season and semester will be over soon!,False,hard_negative,neutralizing,"['impermanence', 'neutralizing']",I'm so tired of this. This season and semester cannot go fast enough done retired over
ENEG_0061,I really hate when life throws me curveballs :/ don't even know what to do -_-,False,easy_negative,growth,['growth'],I really hate when life throws me curveballs :/ don't even know what to do -_-
POS_0075,"We need to change to understand each others, you need to be more understanding and I need more tact.",True,positive,optimism,"['impermanence', 'optimism']","Something needs to change! Either you be more understanding, or I learn to bite my tongue."
ENEG_0005,Well I don't need a vine now BC Instagram just shoved it down my throat.,False,easy_negative,impermanence,['impermanence'],Well I don't need a vine now BC Instagram just shoved it down my throat.
POS_0087,I will find a way to help my kids to do them homeworks even tho I am not the best at it.,True,positive,optimism,['optimism'],My kids homework ain't no joke. How can I encourage them to get good grades when I can't even get the damn problems. Some of my answers were wrong.
HNEG_0051,Less than 24 hours to go for surgery. Hope good thing will happen.,False,hard_negative,neutralizing,['neutralizing'],Less than 24 hours to go for surgery. Rushing to wrap up my responsibilities. wish me luck!!
HNEG_0034,I am concerned about my mental health.,False,hard_negative,neutralizing,['neutralizing'],I have a feeling I'm inching dangerously close to my first nursing school nervous break down
POS_0029,Math is a very easy subject. I will do my homework as soon as possible.,True,positive,growth,['growth'],That math exam was horrible. Now I have 6 hrs of homework. This is a reminder to not procrastinate.
POS_0002,I forgot my paper but at least I managed to write it and got to learn a bunch of new skills.,True,positive,growth,"['growth', 'neutralizing', 'optimism']","Staying up until midnight writing a writing paper, and then forget it a few hours later after you print it mylife"
POS_0141,I can't wait to be finished with last week of school.,True,positive,optimism,"['impermanence', 'optimism']",Last week of school 5 finals in 4 days Go hard or go home! bcitlife
POS_0064,I hope I get a good night's sleep so that I can get up fresh and eager for the next day tomorrow.,True,positive,optimism,"['impermanence', 'optimism']",Arghhh broken sleep again so have resorted to a 5 am online shop Stress I hate you let me sleep  overthinking cantsleep
ENEG_0037,There aren't enough hours in the day to do all the things I need to do.,False,easy_negative,optimism,['optimism'],There aren't enough hours in the day to do all the things I need to do.
ENEG_0060,Well got my first final in an hour. Ugh this is bad. But I still have to study for tomorrow :( Finals When is Christmas break?,False,easy_negative,neutralizing,"['impermanence', 'neutralizing']",Well got my first final in an hour. Ugh this is bad. But I still have to study for tomorrow :( Finals When is Christmas break?
HNEG_0016,Just received a $2000 bill from when I closed my business account. I'm sure it's a mistake so I won't even stress it.,False,hard_negative,neutralizing,['neutralizing'],Got a $2000 bill for GST from CRA when I closed my business account (and business) 5 years ago. I know it's an error but fuck
ENEG_0049,I am no longer in 'Generation Y' but in the 'Grey Market' it seems fivegreyhairs,False,easy_negative,optimism,"['neutralizing', 'optimism']",I am no longer in 'Generation Y' but in the 'Grey Market' it seems fivegreyhairs
POS_0098,"Even though there's been a flood up above me, I won't let it ruin my good time.",True,positive,optimism,"['neutralizing', 'optimism']",My relaxing evening has been somewhat spoiled by the flood from the upstairs flat :-(
HNEG_0050,Not all parts of teaching is easy but all teachers struggle with planning and im lucky to have a good job,False,hard_negative,impermanence,['impermanence'],"To everyone who says teaching is easy, you lie!! Lesson planning will be the death of me!"
HNEG_0002,"I really need to keep myself busy, while I wait for phone calls.",False,hard_negative,neutralizing,['neutralizing'],Hate hate hate waiting on a phone calllets get the ball rolling and stop fucking around .
POS_0108,"I ‘ve been having car troubles continuously, and I hope to end this soon.",True,positive,optimism,"['neutralizing', 'optimism']",I've had nothing but one car trouble after the other this summer and Im sick of it!
ENEG_0032,"i know God has a plan for me, but i'm terribly afraid of failing Him and even myself. deepthoughts",False,easy_negative,optimism,['optimism'],"i know God has a plan for me, but i'm terribly afraid of failing Him and even myself. deepthoughts"
HNEG_0010,I lovemy friends but I do not have enought money to travel with them.,False,hard_negative,neutralizing,['neutralizing'],"I love my friends, but if another one of them ever chooses to do a destination wedding that costs me $1460 they can suck my D"
POS_0039,"Even though I've been writing for hours for this course, I'm getting closer to finishing my goal with every word I pen.",True,positive,optimism,['optimism'],"Im actually going to go crazy with this coursework, feels like ive written for hours but I still seem to be no further forward"
POS_0028,You should escape from your problems with a travel!,True,positive,optimism,['optimism'],"Stressed out? Money, time, kids, aging parents, the job, teen troubles? Escape is a click away!"
ENEG_0073,Will always wonder why I picked biology as a degree! Biological statistics make me sick!  drmillward,False,easy_negative,neutralizing,['neutralizing'],Will always wonder why I picked biology as a degree! Biological statistics make me sick!  drmillward
POS_0023,"Some kids were saying the bio test was hard, but I studied last night, so I am prepared",True,positive,optimism,['optimism'],Hearing students talking about how hard the bio test was that I have to take in ten mins is not helping
POS_0126,"It's a hassle to order the dress again online from topshop to collect from store tomorrow, but thank God they have the same dress.",True,positive,thankfulness,['thankfulness'],so now I have had to order the SAME dress online from topshop to collect from store tomorrow!! GRR
POS_0130,"When I was young, I wanted to grow up, and I want to stay young. That is a common fact of life",True,positive,growth,"['growth', 'neutralizing']","Crazy how when I was younger all I ever wanted to do was grow up, now I wish I could stay young ."
HNEG_0037,I hope I have better luck tomorrow with my day compared to today.,False,hard_negative,impermanence,['impermanence'],What a shitty day. fml igiveup I thought maybe I may have finally caught a break Guess not. :(
HNEG_0061,"My nails are usually long. I never bit them, but now I ripped them all off. But not big deal, they will grow soon.",False,hard_negative,neutralizing,"['impermanence', 'neutralizing']",My nails are usually long I never bit them but now they look terrible I ripped them all off
POS_0092,Done for today. Tomorrow I am going to have fun.,True,positive,growth,['growth'],Had enough now !!!!!!! Roll on tomorrow gunna get very very drunk and forget the world exist !!!!!!!!!!
HNEG_0052,"I really don't know you, but your actions aren't very nice.",False,hard_negative,neutralizing,['neutralizing'],Omg I hate you and I don't even know you ahhhh!!!!!!!! Never thought I'd hate a girl over a las but you ahhhhh
HNEG_0032,I do not seem to be in a good mood and I hope there is nothing unfortunate in store fo me.,False,hard_negative,neutralizing,['neutralizing'],"I've been suuuuuuper moody lately. either my period is coming for me, or I have something to worry about."
POS_0109,"I love the work that I do, and this month will be giving me a lot of it.",True,positive,self_affirmation,['self_affirmation'],"The next month is going to be unbelievably busy which I loveeeeee, but hate as I'm drowning in work"
POS_0149,"I'm sure I need to learn how to adapt myself, and improve my decision-making!",True,positive,growth,"['growth', 'neutralizing']",Knowing what I should be doing n wanting to do the total opposite annoying somebodyslapme
HNEG_0038,My day could have gone better in the doctor’s office,False,hard_negative,neutralizing,['neutralizing'],You know it's a rough day when you cry in the doctors office or any public place for that matter
POS_0137,Thats a difficult situation but I can see the funny side,True,positive,optimism,['optimism'],"OMG!! Not okay!! Haha Yes you are right, I would be freaking out right now!! Lol"
POS_0143,It's going to be my day and hopefully nothing we ruin it for me.,True,positive,optimism,"['neutralizing', 'optimism']",It's gunna be my day and if you ruin it because of something stupid I will hate you. fuckgrad
ENEG_0034,"My chest is constricting so hard, I feel like I'm having a heart attack, but I know I'm not.",False,easy_negative,optimism,"['impermanence', 'neutralizing', 'optimism']","My chest is constricting so hard, I feel like I'm having a heart attack, but I know I'm not."
POS_0035,I am happy that I have finished my homework and studying for the SAT. I hope to finish it as soon as possible.,True,positive,optimism,"['neutralizing', 'optimism']",Just finished my homework and studying for the sat that I started 3 hours ago. ill mad
POS_0067,"I am looking forward to a day to take care of myself. Getting my hair done, massage and mani and pedi.",True,positive,optimism,['optimism'],"I just need a metal health day to get a massage, my hair done, and a mani and pedi"
POS_0036,If I was me I will hide my money in a secert place for Vegas this will help to take in future.,True,positive,growth,['growth'],If I was me.. Where would I hide all my money I saved for Vegas.. cuz I'm too good of a hider :(
POS_0117,"Human Resource Management is very dull and difficult to write a 2,750-word essay on, but it is a challenge I am up to and that I hope will help me grow to higher levels",True,positive,growth,"['growth', 'neutralizing']","human resource management is so dull, how am I Ment to write 2,750 word essay on it"
HNEG_0014,My mind is racing right now but I'll be alright. Thank you for being concerned.,False,hard_negative,neutralizing,['neutralizing'],"I just have so much going through my mind. Thank you, I appreciate you checking up on me."
ENEG_0057,"I'm honestly so tired, the things that I am saying and doing make absolutely no sense needsleep",False,easy_negative,neutralizing,['neutralizing'],"I'm honestly so tired, the things that I am saying and doing make absolutely no sense needsleep"
POS_0127,"As long as everyone keeps putting it all on me, it will all continue to stress. I need to resolve this now.",True,positive,optimism,"['impermanence', 'optimism']",Why** does everyone continue to put this all on me ! This isn't supposed to be all stressful
HNEG_0017,"Getting an early nights sleep the night before an exam can be challenging,  but it's only one night.",False,hard_negative,impermanence,['impermanence'],"Getting an early nights sleep the night before an exam is easier said than done, couldn't sleep"
HNEG_0049,I'll make sure I pay everything I owe for Bill,False,hard_negative,neutralizing,['neutralizing'],Bill's took my entire check and still ain't got enough wtf this is a first what's going on here
HNEG_0053,I just need hang in there and sit my tests and complete my 5 page paper and then I can relax and enjoy spring break !,False,hard_negative,impermanence,['impermanence'],"A 5 page paper, 4 or 5 tests, and this horrible migraine are between me and spring break."
ENEG_0039,Parents allow their children to skip school because it is cold or they're stressed. My parents never got that memo.,False,easy_negative,neutralizing,['neutralizing'],Parents allow their children to skip school because it is cold or they're stressed. My parents never got that memo.
POS_0145,Now I am not that organized as I was in social medias before. I hope to improve and be organized again.,True,positive,optimism,"['neutralizing', 'optimism']",I swear Im a mess. I miss how organized I use to be with my social medias
POS_0054,I hope by some miracle ms o'reilly moves the annotated bib due date to another day other than Thursday.,True,positive,optimism,['optimism'],"dear god, please give ms o'reilly the wisdom to move the annotated bib due date so it's not thursday. amen iwillcry"
ENEG_0064,the struggle in finding a winter ball dress is worse than finding something to wear for homecoming,False,easy_negative,optimism,"['neutralizing', 'optimism']",the struggle in finding a winter ball dress is worse than finding something to wear for homecoming
ENEG_0053,"Im booking a massage as soon as this lockdown is over. One of those long 3 hour ones where they massage your face, head and eyes!",False,easy_negative,optimism,['optimism'],"Im booking a massage as soon as this lockdown is over. One of those long 3 hour ones where they massage your face, head and eyes!"
POS_0102,"I believe in the reconciliation of my father and brother, I know that soon I will be able to see my brother again!",True,positive,optimism,['optimism'],I miss my big brother  kinda fucked when your dad and him don't get along so you can't see him.
POS_0080,An essay question was emailed out without much time to get it done but I’m a hard worker so I can do it.,True,positive,self_affirmation,"['optimism', 'self_affirmation', 'thankfulness']",Teacher decides to email out an essay question this morning for the midterm due in class by 3:30 this afternoon ..
POS_0008,I need to breathe to get through the day and pamper me with a drink to relax!,True,positive,optimism,['optimism'],"I just need to seriously just breath to get through today, or have a drink"
ENEG_0023,not funny girls i decided after that i was going to pour another glass of wine and watch gossip girl,False,easy_negative,optimism,['optimism'],not funny girls i decided after that i was going to pour another glass of wine and watch gossip girl
POS_0014,I hope to have an early start to Monday so that I can complete my tasks for the week quickly.,True,positive,growth,"['growth', 'optimism']",Noooo I don't want it to be Monday :( I'm not ready for the week to start toomuchtodo
HNEG_0048,"I feel the world on my shoulders right now, but I know it's only going tobe for a short while",False,hard_negative,impermanence,['impermanence'],Feeling like I have the weight of the world on my shoulders and I'm gonna collapse
HNEG_0046,My day was full of stress but I will go back to my big house to relax.,False,hard_negative,impermanence,['impermanence'],When both your massage therapist and chiropractor ask how bad and stressful your week was cause your all sorts of messed up.
POS_0083,"This test tomorrow is going to be challenging, but I am already 3 hours into studying, and I'm sure I can do great",True,positive,growth,"['growth', 'optimism', 'self_affirmation']",I seriously might throw up during this portfolio test tomorrow. 3 hours into studying and I'm already losing it.
HNEG_0025,I know I can get through today and get some well-deserved rest when it's over.,False,hard_negative,impermanence,['impermanence'],Why do I have to be sick on a day that's cramed full of stuff I gotta do?!
POS_0056,I have to control too many thoughts and their impact on my mind to sleep better,True,positive,growth,"['growth', 'neutralizing']",Too much on my mind. My thoughts need to turn off so I can sleep. They're making me sick.
ENEG_0047,"why is this semester so freaking hard?!! Pre-Calc,, i HATE you. iv NEVER had a C- in any class especially math. so out!",False,easy_negative,growth,['growth'],"why is this semester so freaking hard?!! Pre-Calc,, i HATE you. iv NEVER had a C- in any class especially math. so out!"
ENEG_0038,My day has been so bad ever since I heard about Justin Bieber getting arrested.,False,easy_negative,optimism,['optimism'],My day has been so bad ever since I heard about Justin Bieber getting arrested.
HNEG_0013,"Trying to finish all of my homework assignments, though am feeling sick. Then will be ready for the SuperBowlXLIX game tomorrow.",False,hard_negative,neutralizing,"['impermanence', 'neutralizing']",Feeling sick but still trying to finish all of my homework assignments before the SuperBowlXLIX game tomorrow
POS_0069,I'm sick of having to deal with these issues.  I should seek out help from others for support.,True,positive,optimism,['optimism'],I'm sick and tired if Haveing these big decisions i have to make. Its just one after another.
ENEG_0015,My bank SUCKS!!! Like they would be the only bank closed and I'm broke and I'm to the max,False,easy_negative,optimism,['optimism'],My bank SUCKS!!! Like they would be the only bank closed and I'm broke and I'm to the max
POS_0118,"I don’t seem to have a liking for Math, journal or college, so I am looking forward to concentrate on business.",True,positive,growth,"['growth', 'neutralizing', 'optimism']","I hate math, math, math, and journals I think I hate college it makes me sick feellikeshit"
ENEG_0009,I'm all over the place right now like a mad womans lipstick! I don't know whether I am coming or going!,False,easy_negative,growth,"['growth', 'neutralizing']",I'm all over the place right now like a mad womans lipstick! I don't know whether I am coming or going!
POS_0062,I should get my phone replaced as soon as possible.,True,positive,optimism,"['impermanence', 'optimism']",Bloody phone playing up all the time drives me insane! Can't remember the last time it worked properly!
HNEG_0036,I just have to keep telling myself that this class will only last a semester!,False,hard_negative,neutralizing,"['impermanence', 'neutralizing']",Can someone please explain to me why I decided to take this ridiculous class? sofrustrated
POS_0136,"I'm sure that after I take this pill, my headache will disappear, and I will feel better.",True,positive,optimism,"['impermanence', 'optimism']",When you have one of those headaches that are so bad you feel like your gonna get sick..
POS_0043,"Although I am nervous, I am sure I will do well in my lesson tomorrow.",True,positive,optimism,"['neutralizing', 'optimism']",I'm nervous I'm going to ride terribly in my lesson tomorrow. I have so much on my mind lately.
ENEG_0012,Finding my headphones for them to be broken :| only one earpiece working is a n n o y i n g as hell!! annoyed,False,easy_negative,optimism,['optimism'],Finding my headphones for them to be broken :| only one earpiece working is a n n o y i n g as hell!! annoyed
HNEG_0005,"I need to breathe, relax and finish this essay.",False,hard_negative,neutralizing,['neutralizing'],Really need to make a dent in this essay but I just can't find the info I need  annoying
POS_0018,I just want to sit in my hot tub with a bottle of wine and watch tonight's ranger game on DVR. It will be good to relax after travelling all day.,True,positive,optimism,"['impermanence', 'optimism']",I just wanna sit in my hot tub with a bottle of wine and watch tonight's ranger game on DVR travelingallday
HNEG_0015,I am interested in learning more about dreams and their meanings.,False,hard_negative,neutralizing,['neutralizing'],I had a dream about playing with a babyand then it pooped on meWHAT DOES THIS MEAN?!
ENEG_0048,No tweeting for me during the game today. Gotta lock in and get this W,False,easy_negative,growth,"['growth', 'optimism']",No tweeting for me during the game today. Gotta lock in and get this W
HNEG_0029,"I don’t like to be unproductive and lazy. There is so much to do in so little time, but I hope to finish it somehow.",False,hard_negative,neutralizing,['neutralizing'],"Ugh, I hate feeling unproductive and lazy. So much to do and so little time."
POS_0068,So much work to do! Tomorrow I'll need to be as productive as I can.,True,positive,growth,['growth'],"So much work to do, so little time. Tomorrow is going to be a long day."
HNEG_0021,I'll take a glass of wine to relax this week.,False,hard_negative,neutralizing,['neutralizing'],After this week I'm going to need a glass of wine. Or maybe the entire bottle
POS_0053,Every day I lack less to return to my home and rest from college!!,True,positive,optimism,"['impermanence', 'optimism']",Cannot wait to just go home back to Croydon this weekend and have a 2 weeks rest! So sick of uni atm.. !
POS_0090,Sometimes I just need to work on my problems to solve them instead of complaining about them and waiting for someone to solve them.,True,positive,growth,"['growth', 'self_affirmation']",Wish you would just communicate with me and my issues would not be so bad. :( oh hey twitter long time no vent.
POS_0094,I hope I am able to catch up on the episode of Doctor Who tomorrow when I am in a better frame of mind.,True,positive,optimism,"['impermanence', 'optimism']",Watching SuperTed because I want to listen to Jon Pertwee and don't have the focus for DoctorWho tonight. exhausted
POS_0041,So thankful that the IAPT staff will be at age UK today between 11.45 and 12:45,True,positive,thankfulness,['thankfulness'],"IAPT staff will be at Age UK Allesley Park Library, Whitaker Rd, CV5 9JE today between 11:45 and 12:45. iapt"
POS_0093,This application is really hard but I’m going to give it my best.,True,positive,growth,"['growth', 'neutralizing', 'optimism']",if this is the application i hate to think what the interview is if i get that far :/ :(
HNEG_0063,Can someone help me find a black mosaic rectangle wall mirror?,False,hard_negative,neutralizing,['neutralizing'],Jesus Is it so hard to find a black mosaic rectangle wall mirror?? Help anyone? helpme
HNEG_0012,Restaurant menu and service can be significantly improved.,False,hard_negative,neutralizing,['neutralizing'],"Seriously 100 question serving test , + 49 item menu test and the restaurant tables test tom. ."
POS_0116,I have many pages to read but I will read them all because I am a fast reader.,True,positive,self_affirmation,['self_affirmation'],Been up since 4 and still have 15 pages to read. If I make it through this week I think can make it through anything.
ENEG_0069,On call today and feeling a little this morning. On the plus side being on call means I get to watch the,False,easy_negative,impermanence,['impermanence'],On call today and feeling a little this morning. On the plus side being on call means I get to watch the
POS_0097,"I took too much melatonin going to contact my doctor I'm sure it will be okay, glad I can get help if needed.",True,positive,optimism,"['optimism', 'thankfulness']",Took too much melatonin. If I don't wake up tomorrow y'all know wtf happened. mistake
POS_0025,If anyone irritates me I will be very sad.,True,positive,growth,['growth'],If anyone does anything to piss me off even a little bit i'ma go off
HNEG_0071,I need to reach someone about the risk issue as I would really like to get this taken care of.,False,hard_negative,neutralizing,['neutralizing'],"2) this info on your website. You havent contacted me, yet im on hold in the CHRP due to this risk issue!"
POS_0059,Crying at night is a good way to get rid of bad feelings.,True,positive,optimism,['optimism'],It's a lay in bed and cuddle up in my blankets and cry kinda night :/ tired
HNEG_0068,It would be nice to have someone to listen to me,False,hard_negative,neutralizing,['neutralizing'],frustrating times like these is when I really wish I had someone here to give me a hug and let me cry it out!
POS_0020,My documents will be reviewed but I am sure the results will be positive.,True,positive,optimism,['optimism'],Yung morning and afternoon yesterday hindi busy tapos 7pm pa naforward ang documents for my review and needed for submission today. Team walang tulugan tuloy ako.
POS_0074,So happy I have three days off after today to recharge my batteries!,True,positive,optimism,['optimism'],Thank God it's Thursday My mind has been an awful place to be lately Need these 3 days off desperately  Really feeling my age lately OldLady
HNEG_0047,Some days are harder than others but tomorrow is fresh new day.,False,hard_negative,neutralizing,['neutralizing'],"hate them rough days you have, hair bunged up, hardly any sleep and stupid tiny spots that come up on your face. notmyday"
POS_0058,Looking forward to a relaxing spa day to reward myself for finishing my university coursework.,True,positive,optimism,['optimism'],Defo booking a spa day for when all of this horrible Uni work is completed
HNEG_0019,"That's not the best news I've been told, but everyone has bad days.",False,hard_negative,neutralizing,"['impermanence', 'neutralizing']",that's the worst bit of news I could have ever been told  someone pass me a wine
POS_0011,Made a prediction about the team so either our teams right or I’m good at predictions. Both is a win.,True,positive,growth,"['growth', 'optimism', 'self_affirmation']",I predicted tonight before the game started that it would go extra innings and we would see Kersh in the 10th.  I hope that I am wrong! Dodgers
POS_0017,I have a lot of things to do before I leave for Winona but I can't wait.,True,positive,optimism,['optimism'],I have about a 3 mile long list of things I have to do before I leave for Winona.
HNEG_0030,"I have a lot of work to do so, I can go home to see my family.",False,hard_negative,neutralizing,"['impermanence', 'neutralizing']","Feel like crying, no way am I guna get this work done :( only got myself to blame LeaveEverythingToTheLastMinute :-("
ENEG_0040,I will never leave a 60% assignment till the night before its due ever again!!,False,easy_negative,growth,"['growth', 'impermanence']",I will never leave a 60% assignment till the night before its due ever again!!
POS_0147,"My friend did something bad.  I need to take a few days to let things settle down, and then I'll contact her again.",True,positive,growth,"['growth', 'optimism']",She knew she was naughty and I've not spoke to her OMG breathe!!!!! crankymum upset oakleeindoghouse
HNEG_0035,I'm doing homework all this weekend. This semester won't last forever.,False,hard_negative,impermanence,['impermanence'],"All I'm doing this weekend is homework, homework, homework, and more homework  Can't wait until this semester is over!!"
HNEG_0000,I woke up feeling sick but I am trying to wake up a bit and feel better.,False,hard_negative,neutralizing,['neutralizing'],"I woke up in the middle of with low grade frver, cough and I am missing my voiceshoulf worry?"
POS_0040,I hope someone would help me in my work to ease my tension.,True,positive,optimism,"['neutralizing', 'optimism']",Anything and everything is making me mad right now. CAN'T ANYONE WORK WITH ME HERE
HNEG_0043,"I have been dealing with difficult people all day, but it is over with now.",False,hard_negative,neutralizing,"['impermanence', 'neutralizing']",This has been one fucked up day im tired of fighting with people I need to relax and unwind for a day with no fighting out
POS_0063,I have a lot of homework and projects to do but I am determined to do them.,True,positive,optimism,"['neutralizing', 'optimism']",Honestly don't know how I'm going to finish all of this homework and projects! homework FAIL Tired FML
ENEG_0010,I'm really on the verge of breaking down. I hate being accused for things I have not done.,False,easy_negative,optimism,"['neutralizing', 'optimism']",I'm really on the verge of breaking down. I hate being accused for things I have not done.
POS_0022,I need to open myself to more people and be honest with myself.,True,positive,growth,"['growth', 'impermanence']","Ever have something you really wanna tell someone, but are too afraid to tell them? For fear of losing everyone?"
POS_0135,I can't wait to get out and go out on a road trip and be one with nature.,True,positive,growth,"['growth', 'impermanence']","wishing I was out where the river bends, where the grass gets green, and the highway ends."
HNEG_0026,"This may be one of those weeks when everything feels off, but, not to worry, I always get on top of things when I get an opportunity to clear my head, and I definitely will come up with a game plan.",False,hard_negative,neutralizing,"['impermanence', 'neutralizing']",Ever have one of those weeks where everything feels off Need to clear my head and make a game plan
HNEG_0033,We need a SCJ to help with checks and balances. Who nominates them? Guess,False,hard_negative,neutralizing,['neutralizing'],"America, U do know that we need a 9th Supreme Court Justice to help w/ checks and balances, right? Guess who nominates that person?"
POS_0049,"Midterms and the breakup are stressing me out, so I'm going to do some de-stressing activities.",True,positive,growth,['growth'],Literally felt like I couldn't breath. Not sure if it's midterms or me still coping with this breakup sad heartbroken
HNEG_0044,Being stressed is part of the human life so I just got to get used to it.,False,hard_negative,impermanence,['impermanence'],I can tell when I'm truly stressed because one day I'll forget to eat and the next I'll eat a whole pack of hot dogs in under 4 minutes.
ENEG_0062,Just realized I made a huuuge mistake in my case study paper so this presentation tomorrow will definitely be worse than I thought,False,easy_negative,neutralizing,['neutralizing'],Just realized I made a huuuge mistake in my case study paper so this presentation tomorrow will definitely be worse than I thought
ENEG_0068,Have to finish all my Christmas shopping this weekend on half of a paycheck cause I don't get paid again till AFTER Christmas,False,easy_negative,growth,"['growth', 'optimism']",Have to finish all my Christmas shopping this weekend on half of a paycheck cause I don't get paid again till AFTER Christmas
HNEG_0022,I think the processes such as getting amazon tickets or scheduling doctor appointments could be greatly improved.,False,hard_negative,neutralizing,['neutralizing'],I don't know what's worse trying to get amazon tickets for or trying to get an appointment at my bloody doctors!
POS_0110,I can't wait for America to arrive it's really motivating me.,True,positive,growth,"['growth', 'neutralizing', 'optimism']",Third year is really hard. If I didn't have America to look forward to I don't think I'd survive it
POS_0079,I'm certain to come out with an alleviated state of mind after this short stay in dc.,True,positive,self_affirmation,"['optimism', 'self_affirmation']",Hopefully this little stay in dc will help me get my mind off a lot of things
ENEG_0052,"So sick of being fat. I just want my size 7/9's back. Mainly 7's, but still. Slowly but surely.",False,easy_negative,growth,"['growth', 'impermanence']","So sick of being fat. I just want my size 7/9's back. Mainly 7's, but still. Slowly but surely."
HNEG_0024,"No Zac Brown Band, I have a lot more worries then just about the proximity of the tide to my chair. I have 2 exams next week, but after that I can relax for a whole week.",False,hard_negative,impermanence,['impermanence'],"No Zac Brown Band, I have a lot more worries then just about the proximity of the tide to my chair. I have 2 exams next week."
ENEG_0065,"Registering for school, new set of tires, tune up, maybe a new alternator, car insurance and tune up kit. Ugh expensive broke :(",False,easy_negative,optimism,"['neutralizing', 'optimism']","Registering for school, new set of tires, tune up, maybe a new alternator, car insurance and tune up kit. Ugh expensive broke :("
POS_0081,Can’t wait untill I get my photopass email.,True,positive,optimism,"['neutralizing', 'optimism']",I didn't get a photopass email back from warped yet. I'm just hoping it late.
POS_0003,I have to grow my patience instead of getting stressed out on something as imaginary as time!,True,positive,growth,"['growth', 'neutralizing']",I really wish I had a lot more patience. I hate stressing over something as imaginary as time.
POS_0142,I know that I'll get into a kpop band one day and get As on my test tomorrow.,True,positive,optimism,['optimism'],goals in life: to be accepted in a kpop gc thats actually active  also to get an A on my three tests tmr
ENEG_0004,ThoughtsInMyHead Everything's falling apart now. I feel like it was a waste of my moms money to even buy the hotel room.,False,easy_negative,optimism,"['neutralizing', 'optimism']",ThoughtsInMyHead Everything's falling apart now. I feel like it was a waste of my moms money to even buy the hotel room.
POS_0112,"It's time for me to get some more pexil, then I'll go back to being happy.",True,positive,optimism,"['neutralizing', 'optimism']",I never realize how crazy I am until I run out of my Paxil  craycray
HNEG_0064,Really wish they would explain the decision not to release the December past paper for March students.,False,hard_negative,neutralizing,['neutralizing'],I still dont understand 's decision to not release the december past paper for March students to use ACCA P7
ENEG_0067,I actually think i want a night to myself where I can just eat and watch Netflix and rest. exhausted,False,easy_negative,optimism,"['optimism', 'thankfulness']",I actually think i want a night to myself where I can just eat and watch Netflix and rest. exhausted
POS_0101,Had a really hard time dealing with customer service but I'm thankful it got sorted and I was able to get my gas and electric. They were probably having a hard day.,True,positive,growth,"['growth', 'thankfulness']","absolutely shocking customer service.. Rude, condescending and obnoxious. Don't listen to what you ask them.. Wanted 20 pounds on gas and electric, they only put it on my gas and now had to top up again. Bring back the app.. So simple and easy to use."
POS_0013,What a nice and productive day I have ahead! Hopefully all will go well!,True,positive,growth,"['growth', 'optimism']","I only have a test tomorrow, a track meet, a chem 2 test Wednesday, a senior thesis paper due Thursdaynot a bust week at all"
ENEG_0033,How am I supposed to know what to the right thing to do is. decisions,False,easy_negative,impermanence,['impermanence'],How am I supposed to know what to the right thing to do is. decisions
POS_0119,I am so excited about my 2k tweet,True,positive,self_affirmation,"['optimism', 'self_affirmation']",UGHH WHAT SHOULD I DO FOR MY 2K TWEET?!? It is such a hard decision!!!
POS_0111,I'm finally coming home where I can relax and organize my thoughts,True,positive,growth,"['growth', 'optimism']","Just now leaving Myrtle Beach right now and I am actually excited to go home, I really need to not be stressed because people want me to have a fun time where most of the time I just like to relax"
POS_0047,I had a worst-case scenario in last night's dream. I need to relax before bed.,True,positive,growth,['growth'],Woke up from one of those worst case scenario all night long cant escape the shit dreams  ..
POS_0015,I'm so grateful to have my life even if things are stressful sometimes.,True,positive,optimism,"['optimism', 'thankfulness']",Life would be so much easier if we didn't have to think so hard and worry about everything
POS_0016,It’s hard not to drink but it has so many amazing health benifits.,True,positive,optimism,"['optimism', 'thankfulness']",Cutting down on alcohol has been a lot harder than I thought it was going to be. NeedADrink WontHaveOneDoe
HNEG_0066,I hope I get into a better frame of mind so that I can have some peace of mind soon.,False,hard_negative,impermanence,['impermanence'],"Tweeting because that seems to be the only think I can do without breaking down, crying"
POS_0044,Sometimes people ignore you but I am becoming a better person so that I will not need others in the future.,True,positive,optimism,['optimism'],being ignored by that one person when you need to talk to them the most
ENEG_0054,"Impossible situations, what ever I do I will be wrong! Sometime you have to smile and bite your tongue, ever that could be wrong!",False,easy_negative,optimism,"['impermanence', 'neutralizing', 'optimism']","Impossible situations, what ever I do I will be wrong! Sometime you have to smile and bite your tongue, ever that could be wrong!"
POS_0052,It’s good to care about things even if that means you take things too seriously sometimes.,True,positive,self_affirmation,"['neutralizing', 'self_affirmation']",Taking things too seriously is never a good thing. But we always tend to do so. Because we care too much.
POS_0071,"3 days ng kulang sa tulog .. but that's ok, the weekend will come and I'll be able to get my hours of sleep.",True,positive,optimism,"['impermanence', 'optimism']",3 days ng kulang sa tulog.. seriously needed 8 straight hours of sleep.. weekend where art thou?..
POS_0114,I haven't even started them I hope I finish it on time,True,positive,growth,"['growth', 'neutralizing']","I have 3 100 point projects due next week, I haven't even started them yet"
POS_0125,"Despite a long run in my future, I know that a meditation will make it all right.",True,positive,optimism,['optimism'],I see a long run in my futureneed some meditation on two feet. running meditation
POS_0140,It is of course difficult to find 15 pairs of the same shoes but it can be achieved with some effort.,True,positive,optimism,"['neutralizing', 'optimism']",Stressful day out with my homie. trying to find 15 pairs of the same shoes is hard
POS_0012,"I hope I can find a place to go for my first week of work experience. :-( "" Any takers? Creche Dublin Northside??",True,positive,optimism,['optimism'],"No place to go for my first week of work experience :-( "" Any takers? Creche Dublin Northside??"
POS_0057,"Today the day is super stressful, but I know that tomorrow I will have a day of my own to enjoy a good wine and everything will be fine.",True,positive,optimism,['optimism'],The level of hatred I have for this day is borderline psychotic. I need a me day.. and a case of wine.
